SELECT * FROM Account LIMIT 10;
 accid 
-------
     1
     2
     3
     4
     5
     6
     7
     8
     9
    10
(10 rows)

SELECT * FROM Payment LIMIT 10;
 pid |    date    | amount | accid 
-----+------------+--------+-------
   1 | 2020-01-01 |  14.99 |     1
   2 | 2020-01-01 |  11.99 |     2
   3 | 2020-01-01 |  11.99 |     3
   4 | 2020-01-01 |  14.99 |     4
   5 | 2020-01-01 |  11.99 |     5
   6 | 2020-01-01 |  14.99 |     6
   7 | 2020-01-01 |  11.99 |     7
   8 | 2020-01-01 |  11.99 |     8
   9 | 2020-01-01 |  14.99 |     9
  10 | 2020-01-01 |  11.99 |    10
(10 rows)

SELECT * FROM Region LIMIT 10;
    regname    
---------------
 Canada
 United States
 Serbia
 Croatia
 Bosnia
 Montenegro
 Slovenia
 Bulgaria
 Macedonia
 Hungary
(10 rows)

SELECT * FROM Tag LIMIT 10;
 tid |      tagname      
-----+-------------------
   1 | John Cena
   2 | John Cena
   3 | Scary
   4 | Funny
   5 | Happy
   6 | Emma Watson
   7 | Sacha Baron Cohen
   8 | Alfred Hitchcock
   9 | Bong Joon Ho
  10 | Martin Scorcese
(10 rows)

SELECT * FROM Media LIMIT 10;
 mid | title | releaseyear | iscomplete 
-----+-------+-------------+------------
   1 | a     |        1980 | 
   2 | b     |        1981 | 
   3 | c     |        1982 | 
   4 | d     |        1983 | 
   5 | e     |        1984 | 
   6 | f     |        1985 | 
   7 | g     |        1986 | 
   8 | h     |        1987 | 
   9 | i     |        1988 | 
  10 | j     |        1989 | 
(10 rows)

SELECT * FROM AccountUser LIMIT 10;
 username | accid |    regname    
----------+-------+---------------
 a        |     1 | Canada
 a        |     2 | United States
 a        |     3 | Serbia
 a        |     4 | Croatia
 a        |     5 | Bosnia
 a        |     6 | Montenegro
 a        |     7 | Slovenia
 a        |     8 | Bulgaria
 b        |     1 | Macedonia
 b        |     2 | Hungary
(10 rows)

SELECT * FROM Season LIMIT 10;
 seasonnum | mid 
-----------+-----
         1 |  20
         2 |  20
         3 |  20
         4 |  20
         5 |  20
         1 |  21
         2 |  21
         3 |  21
         4 |  21
         5 |  21
(10 rows)

SELECT * FROM Episode LIMIT 10;
 epnum | seasonnum | mid | eptitle 
-------+-----------+-----+---------
     1 |         1 |  20 | a
     1 |         2 |  20 | b
     1 |         3 |  20 | c
     1 |         4 |  20 | d
     1 |         5 |  20 | e
     1 |         1 |  21 | f
     1 |         2 |  21 | g
     1 |         3 |  21 | h
     1 |         4 |  21 | i
     1 |         5 |  21 | j
(10 rows)

SELECT * FROM Rating LIMIT 10;
 mid | username | accid | value 
-----+----------+-------+-------
   1 | b        |     4 |     1
   1 | b        |     5 |     1
   1 | b        |     6 |     2
   1 | b        |     7 |     1
   1 | b        |     8 |     4
   2 | d        |     6 |     1
   2 | d        |     7 |     5
   2 | d        |     8 |     5
   2 | e        |     1 |     1
   2 | e        |     2 |     1
(10 rows)

SELECT * FROM available_in LIMIT 10;
 mid |  regname   
-----+------------
   1 | Canada
   2 | Canada
   3 | Canada
   4 | Canada
   5 | Canada
   6 | Canada
   7 | Canada
   8 | Montenegro
   9 | Montenegro
  10 | Montenegro
(10 rows)

SELECT * FROM queues LIMIT 10;
 username | accid | mid 
----------+-------+-----
 a        |     1 |   1
 a        |     2 |   1
 a        |     3 |   1
 a        |     4 |   1
 a        |     5 |   1
 a        |     6 |   1
 a        |     7 |   1
 a        |     8 |   1
 b        |     1 |   1
 b        |     2 |   1
(10 rows)

SELECT * FROM describes LIMIT 10;
 mid | tid 
-----+-----
   1 |   1
   2 |   1
   3 |   1
   4 |   1
   5 |   1
   6 |   1
   7 |   1
   8 |   1
   9 |   1
  10 |   1
(10 rows)

